<application desc="" id="BestBuyApp" name="" smscode="">
   <app-config>
      <config-param name="APP_SMS_HEADER" value="null"/>
   </app-config>
   <services>
      <service cachable="false" cacheduration="" id="GetCategories" passwordencrypted="true" smscode="" smsenabled="false" type="plainxmlserviceConnector">
         <service-config>
            <config-param name="endpointUrl" value="http://api.remix.bestbuy.com/v1/categories(id=$cat)?apiKey=u7drendysvxe4ka7fh4vu3jf"/>
            <config-param name="postprocessorname" value=""/>
            <config-param name="preprocessorname" value=""/>
            <config-param name="urlprovider" value=""/>
            <config-param name="dataprovider" value=""/>
            <config-param name="sockettimeout" value=""/>
            <config-param name="proxyname" value=""/>
            <config-param name="proxyport" value=""/>
            <config-param name="proxyusername" value=""/>
            <config-param name="http.method" value="GET"/>
            <config-param name="isembedxmlpresent" value="false"/>
            <config-param name="ignorehttpproxy" value="false"/>
            <config-param name="responseEncoding" value="UTF-8"/>
            <config-param name="server.auth.mode" value="basic"/>
            <config-param name="server.auth.host" value=""/>
            <config-param name="server.auth.ntlm.domain" value=""/>
         </service-config>
         <service-input>
            <param datatype="string" encode="true" name="cat" sms-name="" src="" value=""/>
         </service-input>
         <service-output>
            <dataset id="subCat" src="//subCategories">
               <param datatype="string" format="None" formatvalue="" name="id" sms-name="" src="category/id" target="response"/>
               <param datatype="string" format="None" formatvalue="" name="lblItems" sms-name="" src="category/name" target="response"/>
            </dataset>
            <param datatype="number" format="None" formatvalue="" name="opstatus" sms-name="" src="" target=""/>
            <param datatype="string" format="None" formatvalue="" name="errmsg" sms-name="" src="" target=""/>
            <param datatype="number" format="None" formatvalue="" name="httpStatusCode" sms-name="" src="" target=""/>
         </service-output>
      </service>
      <service cachable="false" cacheduration="" id="GetProducts" passwordencrypted="true" smscode="" smsenabled="false" type="plainxmlserviceConnector">
         <service-config>
            <config-param name="endpointUrl" value="http://api.remix.bestbuy.com/v1/products(categoryPath.id=$pId)?apiKey=u7drendysvxe4ka7fh4vu3jf&amp;page=$page"/>
            <config-param name="postprocessorname" value=""/>
            <config-param name="preprocessorname" value=""/>
            <config-param name="urlprovider" value=""/>
            <config-param name="dataprovider" value=""/>
            <config-param name="sockettimeout" value=""/>
            <config-param name="proxyname" value=""/>
            <config-param name="proxyport" value=""/>
            <config-param name="proxyusername" value=""/>
            <config-param name="http.method" value="GET"/>
            <config-param name="isembedxmlpresent" value="false"/>
            <config-param name="ignorehttpproxy" value="false"/>
            <config-param name="responseEncoding" value="UTF-8"/>
            <config-param name="server.auth.mode" value="basic"/>
            <config-param name="server.auth.host" value=""/>
            <config-param name="server.auth.ntlm.domain" value=""/>
         </service-config>
         <service-input>
            <param datatype="string" encode="true" name="pId" sms-name="" src="" value=""/>
            <param datatype="string" encode="true" name="page" sms-name="" src="" value=""/>
         </service-input>
         <service-output>
            <dataset id="products" src="//products">
               <param datatype="string" format="None" formatvalue="" name="productId" sms-name="" src="product/productId" target="response"/>
               <param datatype="string" format="None" formatvalue="" name="name" sms-name="" src="product/name" target="response"/>
               <param datatype="string" format="None" formatvalue="" name="sku" sms-name="" src="product/sku" target="response"/>
               <param datatype="string" format="None" formatvalue="" name="regularPrice" sms-name="" src="product/regularPrice" target="response"/>
               <param datatype="string" format="None" formatvalue="" name="salePrice" sms-name="" src="product/salePrice" target="response"/>
               <param datatype="string" format="None" formatvalue="" name="onSale" sms-name="" src="product/onSale" target="response"/>
               <param datatype="string" format="None" formatvalue="" name="customerReviewAverage" sms-name="" src="product/customerReviewAverage" target="response"/>
               <param datatype="string" format="None" formatvalue="" name="thumbnailImage" sms-name="" src="product/thumbnailImage" target="response"/>
            </dataset>
            <param datatype="string" format="None" formatvalue="" name="currentPage" sms-name="" src="@currentPage" target=""/>
            <param datatype="string" format="None" formatvalue="" name="totalPages" sms-name="" src="@totalPages" target=""/>
            <param datatype="number" format="None" formatvalue="" name="opstatus" sms-name="" src="" target=""/>
            <param datatype="string" format="None" formatvalue="" name="errmsg" sms-name="" src="" target=""/>
            <param datatype="number" format="None" formatvalue="" name="httpStatusCode" sms-name="" src="" target=""/>
         </service-output>
      </service>
      <service cachable="false" cacheduration="" id="GetSearch" passwordencrypted="true" smscode="" smsenabled="false" type="plainxmlserviceConnector">
         <service-config>
            <config-param name="endpointUrl" value="http://api.remix.bestbuy.com/v1/products(search=$search)?apiKey=u7drendysvxe4ka7fh4vu3jf&amp;page=$page"/>
            <config-param name="postprocessorname" value=""/>
            <config-param name="preprocessorname" value=""/>
            <config-param name="urlprovider" value=""/>
            <config-param name="dataprovider" value=""/>
            <config-param name="sockettimeout" value=""/>
            <config-param name="proxyname" value=""/>
            <config-param name="proxyport" value=""/>
            <config-param name="proxyusername" value=""/>
            <config-param name="http.method" value="GET"/>
            <config-param name="isembedxmlpresent" value="false"/>
            <config-param name="ignorehttpproxy" value="false"/>
            <config-param name="responseEncoding" value="UTF-8"/>
            <config-param name="server.auth.mode" value="basic"/>
            <config-param name="server.auth.host" value=""/>
            <config-param name="server.auth.ntlm.domain" value=""/>
         </service-config>
         <service-input>
            <param datatype="string" encode="true" name="search" sms-name="" src="" value=""/>
            <param datatype="string" encode="true" name="page" sms-name="" src="" value=""/>
         </service-input>
         <service-output>
            <dataset id="products" src="//products">
               <param datatype="string" format="None" formatvalue="" name="productId" sms-name="" src="product/productId" target="response"/>
               <param datatype="string" format="None" formatvalue="" name="name" sms-name="" src="product/name" target="response"/>
               <param datatype="string" format="None" formatvalue="" name="sku" sms-name="" src="product/sku" target="response"/>
               <param datatype="string" format="None" formatvalue="" name="regularPrice" sms-name="" src="product/regularPrice" target="response"/>
               <param datatype="string" format="None" formatvalue="" name="salePrice" sms-name="" src="product/salePrice" target="response"/>
               <param datatype="string" format="None" formatvalue="" name="onSale" sms-name="" src="product/onSale" target="response"/>
               <param datatype="string" format="None" formatvalue="" name="customerReviewAverage" sms-name="" src="product/customerReviewAverage" target="response"/>
               <param datatype="string" format="None" formatvalue="" name="thumbnailImage" sms-name="" src="product/thumbnailImage" target="response"/>
            </dataset>
            <param datatype="string" format="None" formatvalue="" name="currentPage" sms-name="" src="@currentPage" target="response"/>
            <param datatype="string" format="None" formatvalue="" name="totalPages" sms-name="" src="@totalPages" target="response"/>
            <param datatype="number" format="None" formatvalue="" name="opstatus" sms-name="" src="" target=""/>
            <param datatype="string" format="None" formatvalue="" name="errmsg" sms-name="" src="" target=""/>
            <param datatype="number" format="None" formatvalue="" name="httpStatusCode" sms-name="" src="" target=""/>
         </service-output>
      </service>
      <service cachable="false" cacheduration="" id="GetDetail" passwordencrypted="true" smscode="" smsenabled="false" type="plainxmlserviceConnector">
         <service-config>
            <config-param name="endpointUrl" value="http://api.remix.bestbuy.com/v1/products(productId=$productId)?apiKey=u7drendysvxe4ka7fh4vu3jf"/>
            <config-param name="postprocessorname" value=""/>
            <config-param name="preprocessorname" value=""/>
            <config-param name="urlprovider" value=""/>
            <config-param name="dataprovider" value=""/>
            <config-param name="sockettimeout" value=""/>
            <config-param name="proxyname" value=""/>
            <config-param name="proxyport" value=""/>
            <config-param name="proxyusername" value=""/>
            <config-param name="http.method" value="GET"/>
            <config-param name="isembedxmlpresent" value="false"/>
            <config-param name="ignorehttpproxy" value="false"/>
            <config-param name="responseEncoding" value="UTF-8"/>
            <config-param name="server.auth.mode" value="basic"/>
            <config-param name="server.auth.host" value=""/>
            <config-param name="server.auth.ntlm.domain" value=""/>
         </service-config>
         <service-input>
            <param datatype="string" encode="true" name="productId" sms-name="" src="" value=""/>
         </service-input>
         <service-output>
            <dataset id="products" src="//products">
               <param datatype="string" format="None" formatvalue="" name="sku" sms-name="" src="product/sku" target="response"/>
               <param datatype="string" format="None" formatvalue="" name="productId" sms-name="" src="product/productId" target="response"/>
               <param datatype="string" format="None" formatvalue="" name="name" sms-name="" src="product/name" target="response"/>
               <param datatype="string" format="None" formatvalue="" name="regularPrice" sms-name="" src="product/regularPrice" target="response"/>
               <param datatype="string" format="None" formatvalue="" name="salePrice" sms-name="" src="product/salePrice" target="response"/>
               <param datatype="string" format="None" formatvalue="" name="onSale" sms-name="" src="product/onSale" target="response"/>
               <param datatype="string" format="None" formatvalue="" name="customerReviewAverage" sms-name="" src="product/customerReviewAverage" target="response"/>
               <param datatype="string" format="None" formatvalue="" name="shortDescription" sms-name="" src="product/shortDescription" target="response"/>
               <param datatype="number" format="None" formatvalue="" name="Average" sms-name="" src="product/customerReviewAverage" target="response"/>
               <param datatype="string" format="None" formatvalue="" name="thumbnailImage" sms-name="" src="product/thumbnailImage" target="response"/>
            </dataset>
            <param datatype="number" format="None" formatvalue="" name="opstatus" sms-name="" src="" target=""/>
            <param datatype="string" format="None" formatvalue="" name="errmsg" sms-name="" src="" target=""/>
            <param datatype="number" format="None" formatvalue="" name="httpStatusCode" sms-name="" src="" target=""/>
         </service-output>
      </service>
      <service cachable="false" cacheduration="" id="GetRev" passwordencrypted="true" smscode="" smsenabled="false" type="plainxmlserviceConnector">
         <service-config>
            <config-param name="endpointUrl" value="http://api.remix.bestbuy.com/v1/reviews(sku=$sku)?apiKey=u7drendysvxe4ka7fh4vu3jf"/>
            <config-param name="postprocessorname" value=""/>
            <config-param name="preprocessorname" value=""/>
            <config-param name="urlprovider" value=""/>
            <config-param name="dataprovider" value=""/>
            <config-param name="sockettimeout" value=""/>
            <config-param name="proxyname" value=""/>
            <config-param name="proxyport" value=""/>
            <config-param name="proxyusername" value=""/>
            <config-param name="http.method" value="GET"/>
            <config-param name="isembedxmlpresent" value="false"/>
            <config-param name="ignorehttpproxy" value="true"/>
            <config-param name="responseEncoding" value="UTF-8"/>
            <config-param name="server.auth.mode" value="basic"/>
            <config-param name="server.auth.host" value=""/>
            <config-param name="server.auth.ntlm.domain" value=""/>
         </service-config>
         <service-input>
            <param datatype="string" encode="true" name="sku" sms-name="" src="" value=""/>
         </service-input>
         <service-output>
            <dataset id="reviews" src="//reviews">
               <param datatype="string" format="None" formatvalue="" name="id" sms-name="" src="review/id" target="response"/>
               <param datatype="string" format="None" formatvalue="" name="reviewer" sms-name="" src="review/reviewer/name" target="response"/>
               <param datatype="string" format="None" formatvalue="" name="rating" sms-name="" src="review/rating" target="response"/>
               <param datatype="string" format="None" formatvalue="" name="title" sms-name="" src="review/title" target="response"/>
               <param datatype="string" format="None" formatvalue="" name="comment" sms-name="" src="review/comment" target="response"/>
            </dataset>
            <param datatype="string" format="None" formatvalue="" name="total" sms-name="" src="@total" target="response"/>
            <param datatype="number" format="None" formatvalue="" name="opstatus" sms-name="" src="" target=""/>
            <param datatype="string" format="None" formatvalue="" name="errmsg" sms-name="" src="" target=""/>
            <param datatype="number" format="None" formatvalue="" name="httpStatusCode" sms-name="" src="" target=""/>
         </service-output>
      </service>
   </services>
</application>
