<?xml version="1.0" encoding="UTF-8" standalone="yes"?>
<application name="BestBuyApp" id="BestBuyApp">
    <container type="dialog" id="AppHeader" displayname="Popup"/>
    <container type="form" id="frmDetails" displayname="Form"/>
    <container type="form" id="frmProduct" displayname="Form"/>
    <container type="form" id="frmCategories" displayname="Form">
        <component type="textbox2" id="tbxSearch" displayname="TextBox2"/>
    </container>
    <globalsequences/>
    <skins/>
</application>
