<?xml version="1.0" encoding="UTF-8" standalone="yes"?><application smscode="" name="" id="BestBuyApp" desc=""><app-config/><services><service smsenabled="false" smscode="" type="plainxmlserviceConnector" id="GetCategories" groupType="" cacheduration="" cachable="false" serviceGroup=""><service-config><config-param value="http://api.remix.bestbuy.com/v1/categories(id=$cat)?apiKey=u7drendysvxe4ka7fh4vu3jf" name="endpointUrl"/><config-param value="" name="postprocessorname"/><config-param value="" name="preprocessorname"/><config-param value="" name="urlprovider"/><config-param value="" name="dataprovider"/><config-param value="" name="sockettimeout"/><config-param value="" name="proxyname"/><config-param value="" name="proxyport"/><config-param value="" name="proxyusername"/><config-param value="GET" name="http.method"/><config-param value="false" name="isembedxmlpresent"/><config-param value="false" name="ignorehttpproxy"/><config-param value="UTF-8" name="responseEncoding"/><config-param value="basic" name="server.auth.mode"/><config-param value="" name="server.auth.host"/><config-param value="" name="server.auth.ntlm.domain"/></service-config><service-input><param targetdatatype="" target="" srcformatvalue="" src="" sms-name="" order="" name="cat" formatvalue="" format="" encode="true" value="" datatype="string"><accessType></accessType></param></service-input><service-output><dataset src="//subCategories" order="" id="subCat"><param targetdatatype="" target="response" srcformatvalue="" src="category/id" sms-name="" order="" name="id" formatvalue="" format="None" encode="false" value="" datatype="string"><accessType></accessType></param><param targetdatatype="" target="response" srcformatvalue="" src="category/name" sms-name="" order="" name="lblItems" formatvalue="" format="None" encode="false" value="" datatype="string"><accessType></accessType></param></dataset><param targetdatatype="" target="" srcformatvalue="" src="" sms-name="" order="" name="opstatus" formatvalue="" format="None" encode="false" value="" datatype="number"><accessType></accessType></param><param targetdatatype="" target="" srcformatvalue="" src="" sms-name="" order="" name="errmsg" formatvalue="" format="None" encode="false" value="" datatype="string"><accessType></accessType></param><param targetdatatype="" target="" srcformatvalue="" src="" sms-name="" order="" name="httpStatusCode" formatvalue="" format="None" encode="false" value="" datatype="number"><accessType></accessType></param></service-output></service><service smsenabled="false" smscode="" type="plainxmlserviceConnector" id="GetProducts" groupType="" cacheduration="" cachable="false" serviceGroup=""><service-config><config-param value="http://api.remix.bestbuy.com/v1/products(categoryPath.id=$pId)?apiKey=u7drendysvxe4ka7fh4vu3jf&amp;page=$page" name="endpointUrl"/><config-param value="" name="postprocessorname"/><config-param value="" name="preprocessorname"/><config-param value="" name="urlprovider"/><config-param value="" name="dataprovider"/><config-param value="" name="sockettimeout"/><config-param value="" name="proxyname"/><config-param value="" name="proxyport"/><config-param value="" name="proxyusername"/><config-param value="GET" name="http.method"/><config-param value="false" name="isembedxmlpresent"/><config-param value="false" name="ignorehttpproxy"/><config-param value="UTF-8" name="responseEncoding"/><config-param value="basic" name="server.auth.mode"/><config-param value="" name="server.auth.host"/><config-param value="" name="server.auth.ntlm.domain"/></service-config><service-input><param targetdatatype="" target="" srcformatvalue="" src="" sms-name="" order="" name="pId" formatvalue="" format="" encode="true" value="" datatype="string"><accessType></accessType></param><param targetdatatype="" target="" srcformatvalue="" src="" sms-name="" order="" name="page" formatvalue="" format="" encode="true" value="" datatype="string"><accessType></accessType></param></service-input><service-output><dataset src="//products" order="" id="products"><param targetdatatype="" target="response" srcformatvalue="" src="product/productId" sms-name="" order="" name="productId" formatvalue="" format="None" encode="false" value="" datatype="string"><accessType></accessType></param><param targetdatatype="" target="response" srcformatvalue="" src="product/name" sms-name="" order="" name="name" formatvalue="" format="None" encode="false" value="" datatype="string"><accessType></accessType></param><param targetdatatype="" target="response" srcformatvalue="" src="product/sku" sms-name="" order="" name="sku" formatvalue="" format="None" encode="false" value="" datatype="string"><accessType></accessType></param><param targetdatatype="" target="response" srcformatvalue="" src="product/regularPrice" sms-name="" order="" name="regularPrice" formatvalue="" format="None" encode="false" value="" datatype="string"><accessType></accessType></param><param targetdatatype="" target="response" srcformatvalue="" src="product/salePrice" sms-name="" order="" name="salePrice" formatvalue="" format="None" encode="false" value="" datatype="string"><accessType></accessType></param><param targetdatatype="" target="response" srcformatvalue="" src="product/onSale" sms-name="" order="" name="onSale" formatvalue="" format="None" encode="false" value="" datatype="string"><accessType></accessType></param><param targetdatatype="" target="response" srcformatvalue="" src="product/customerReviewAverage" sms-name="" order="" name="customerReviewAverage" formatvalue="" format="None" encode="false" value="" datatype="string"><accessType></accessType></param><param targetdatatype="" target="response" srcformatvalue="" src="product/thumbnailImage" sms-name="" order="" name="thumbnailImage" formatvalue="" format="None" encode="false" value="" datatype="string"><accessType></accessType></param></dataset><param targetdatatype="" target="" srcformatvalue="" src="@currentPage" sms-name="" order="" name="currentPage" formatvalue="" format="None" encode="false" value="" datatype="string"><accessType></accessType></param><param targetdatatype="" target="" srcformatvalue="" src="@totalPages" sms-name="" order="" name="totalPages" formatvalue="" format="None" encode="false" value="" datatype="string"><accessType></accessType></param><param targetdatatype="" target="" srcformatvalue="" src="" sms-name="" order="" name="opstatus" formatvalue="" format="None" encode="false" value="" datatype="number"><accessType></accessType></param><param targetdatatype="" target="" srcformatvalue="" src="" sms-name="" order="" name="errmsg" formatvalue="" format="None" encode="false" value="" datatype="string"><accessType></accessType></param><param targetdatatype="" target="" srcformatvalue="" src="" sms-name="" order="" name="httpStatusCode" formatvalue="" format="None" encode="false" value="" datatype="number"><accessType></accessType></param></service-output></service><service smsenabled="false" smscode="" type="plainxmlserviceConnector" id="GetSearch" groupType="" cacheduration="" cachable="false" serviceGroup=""><service-config><config-param value="http://api.remix.bestbuy.com/v1/products(search=$search)?apiKey=u7drendysvxe4ka7fh4vu3jf&amp;page=$page" name="endpointUrl"/><config-param value="" name="postprocessorname"/><config-param value="" name="preprocessorname"/><config-param value="" name="urlprovider"/><config-param value="" name="dataprovider"/><config-param value="" name="sockettimeout"/><config-param value="" name="proxyname"/><config-param value="" name="proxyport"/><config-param value="" name="proxyusername"/><config-param value="GET" name="http.method"/><config-param value="false" name="isembedxmlpresent"/><config-param value="false" name="ignorehttpproxy"/><config-param value="UTF-8" name="responseEncoding"/><config-param value="basic" name="server.auth.mode"/><config-param value="" name="server.auth.host"/><config-param value="" name="server.auth.ntlm.domain"/></service-config><service-input><param targetdatatype="" target="" srcformatvalue="" src="" sms-name="" order="" name="search" formatvalue="" format="" encode="true" value="" datatype="string"><accessType></accessType></param><param targetdatatype="" target="" srcformatvalue="" src="" sms-name="" order="" name="page" formatvalue="" format="" encode="true" value="" datatype="string"><accessType></accessType></param></service-input><service-output><dataset src="//products" order="" id="products"><param targetdatatype="" target="response" srcformatvalue="" src="product/productId" sms-name="" order="" name="productId" formatvalue="" format="None" encode="false" value="" datatype="string"><accessType></accessType></param><param targetdatatype="" target="response" srcformatvalue="" src="product/name" sms-name="" order="" name="name" formatvalue="" format="None" encode="false" value="" datatype="string"><accessType></accessType></param><param targetdatatype="" target="response" srcformatvalue="" src="product/sku" sms-name="" order="" name="sku" formatvalue="" format="None" encode="false" value="" datatype="string"><accessType></accessType></param><param targetdatatype="" target="response" srcformatvalue="" src="product/regularPrice" sms-name="" order="" name="regularPrice" formatvalue="" format="None" encode="false" value="" datatype="string"><accessType></accessType></param><param targetdatatype="" target="response" srcformatvalue="" src="product/salePrice" sms-name="" order="" name="salePrice" formatvalue="" format="None" encode="false" value="" datatype="string"><accessType></accessType></param><param targetdatatype="" target="response" srcformatvalue="" src="product/onSale" sms-name="" order="" name="onSale" formatvalue="" format="None" encode="false" value="" datatype="string"><accessType></accessType></param><param targetdatatype="" target="response" srcformatvalue="" src="product/customerReviewAverage" sms-name="" order="" name="customerReviewAverage" formatvalue="" format="None" encode="false" value="" datatype="string"><accessType></accessType></param><param targetdatatype="" target="response" srcformatvalue="" src="product/thumbnailImage" sms-name="" order="" name="thumbnailImage" formatvalue="" format="None" encode="false" value="" datatype="string"><accessType></accessType></param></dataset><param targetdatatype="" target="response" srcformatvalue="" src="@currentPage" sms-name="" order="" name="currentPage" formatvalue="" format="None" encode="false" value="" datatype="string"><accessType></accessType></param><param targetdatatype="" target="response" srcformatvalue="" src="@totalPages" sms-name="" order="" name="totalPages" formatvalue="" format="None" encode="false" value="" datatype="string"><accessType></accessType></param><param targetdatatype="" target="" srcformatvalue="" src="" sms-name="" order="" name="opstatus" formatvalue="" format="None" encode="false" value="" datatype="number"><accessType></accessType></param><param targetdatatype="" target="" srcformatvalue="" src="" sms-name="" order="" name="errmsg" formatvalue="" format="None" encode="false" value="" datatype="string"><accessType></accessType></param><param targetdatatype="" target="" srcformatvalue="" src="" sms-name="" order="" name="httpStatusCode" formatvalue="" format="None" encode="false" value="" datatype="number"><accessType></accessType></param></service-output></service><service smsenabled="false" smscode="" type="plainxmlserviceConnector" id="GetDetail" groupType="" cacheduration="" cachable="false" serviceGroup=""><service-config><config-param value="http://api.remix.bestbuy.com/v1/products(productId=$productId)?apiKey=u7drendysvxe4ka7fh4vu3jf" name="endpointUrl"/><config-param value="" name="postprocessorname"/><config-param value="" name="preprocessorname"/><config-param value="" name="urlprovider"/><config-param value="" name="dataprovider"/><config-param value="" name="sockettimeout"/><config-param value="" name="proxyname"/><config-param value="" name="proxyport"/><config-param value="" name="proxyusername"/><config-param value="GET" name="http.method"/><config-param value="false" name="isembedxmlpresent"/><config-param value="false" name="ignorehttpproxy"/><config-param value="UTF-8" name="responseEncoding"/><config-param value="basic" name="server.auth.mode"/><config-param value="" name="server.auth.host"/><config-param value="" name="server.auth.ntlm.domain"/></service-config><service-input><param targetdatatype="" target="" srcformatvalue="" src="" sms-name="" order="" name="productId" formatvalue="" format="" encode="true" value="" datatype="string"><accessType></accessType></param></service-input><service-output><dataset src="//products" order="" id="products"><param targetdatatype="" target="response" srcformatvalue="" src="product/sku" sms-name="" order="" name="sku" formatvalue="" format="None" encode="false" value="" datatype="string"><accessType></accessType></param><param targetdatatype="" target="response" srcformatvalue="" src="product/productId" sms-name="" order="" name="productId" formatvalue="" format="None" encode="false" value="" datatype="string"><accessType></accessType></param><param targetdatatype="" target="response" srcformatvalue="" src="product/name" sms-name="" order="" name="name" formatvalue="" format="None" encode="false" value="" datatype="string"><accessType></accessType></param><param targetdatatype="" target="response" srcformatvalue="" src="product/regularPrice" sms-name="" order="" name="regularPrice" formatvalue="" format="None" encode="false" value="" datatype="string"><accessType></accessType></param><param targetdatatype="" target="response" srcformatvalue="" src="product/salePrice" sms-name="" order="" name="salePrice" formatvalue="" format="None" encode="false" value="" datatype="string"><accessType></accessType></param><param targetdatatype="" target="response" srcformatvalue="" src="product/onSale" sms-name="" order="" name="onSale" formatvalue="" format="None" encode="false" value="" datatype="string"><accessType></accessType></param><param targetdatatype="" target="response" srcformatvalue="" src="product/customerReviewAverage" sms-name="" order="" name="customerReviewAverage" formatvalue="" format="None" encode="false" value="" datatype="string"><accessType></accessType></param><param targetdatatype="" target="response" srcformatvalue="" src="product/shortDescription" sms-name="" order="" name="shortDescription" formatvalue="" format="None" encode="false" value="" datatype="string"><accessType></accessType></param><param targetdatatype="" target="response" srcformatvalue="" src="product/customerReviewAverage" sms-name="" order="" name="Average" formatvalue="" format="None" encode="false" value="" datatype="number"><accessType></accessType></param><param targetdatatype="" target="response" srcformatvalue="" src="product/thumbnailImage" sms-name="" order="" name="thumbnailImage" formatvalue="" format="None" encode="false" value="" datatype="string"><accessType></accessType></param></dataset><param targetdatatype="" target="" srcformatvalue="" src="" sms-name="" order="" name="opstatus" formatvalue="" format="None" encode="false" value="" datatype="number"><accessType></accessType></param><param targetdatatype="" target="" srcformatvalue="" src="" sms-name="" order="" name="errmsg" formatvalue="" format="None" encode="false" value="" datatype="string"><accessType></accessType></param><param targetdatatype="" target="" srcformatvalue="" src="" sms-name="" order="" name="httpStatusCode" formatvalue="" format="None" encode="false" value="" datatype="number"><accessType></accessType></param></service-output></service><service smsenabled="false" smscode="" type="plainxmlserviceConnector" id="GetRev" groupType="" cacheduration="" cachable="false" serviceGroup=""><service-config><config-param value="http://api.remix.bestbuy.com/v1/reviews(sku=$sku)?apiKey=u7drendysvxe4ka7fh4vu3jf" name="endpointUrl"/><config-param value="" name="postprocessorname"/><config-param value="" name="preprocessorname"/><config-param value="" name="urlprovider"/><config-param value="" name="dataprovider"/><config-param value="" name="sockettimeout"/><config-param value="" name="proxyname"/><config-param value="" name="proxyport"/><config-param value="" name="proxyusername"/><config-param value="GET" name="http.method"/><config-param value="false" name="isembedxmlpresent"/><config-param value="true" name="ignorehttpproxy"/><config-param value="UTF-8" name="responseEncoding"/><config-param value="basic" name="server.auth.mode"/><config-param value="" name="server.auth.host"/><config-param value="" name="server.auth.ntlm.domain"/></service-config><service-input><param targetdatatype="" target="" srcformatvalue="" src="" sms-name="" order="" name="sku" formatvalue="" format="" encode="true" value="" datatype="string"><accessType></accessType></param></service-input><service-output><dataset src="//reviews" order="" id="reviews"><param targetdatatype="" target="response" srcformatvalue="" src="review/id" sms-name="" order="" name="id" formatvalue="" format="None" encode="false" value="" datatype="string"><accessType></accessType></param><param targetdatatype="" target="response" srcformatvalue="" src="review/reviewer/name" sms-name="" order="" name="reviewer" formatvalue="" format="None" encode="false" value="" datatype="string"><accessType></accessType></param><param targetdatatype="" target="response" srcformatvalue="" src="review/rating" sms-name="" order="" name="rating" formatvalue="" format="None" encode="false" value="" datatype="string"><accessType></accessType></param><param targetdatatype="" target="response" srcformatvalue="" src="review/title" sms-name="" order="" name="title" formatvalue="" format="None" encode="false" value="" datatype="string"><accessType></accessType></param><param targetdatatype="" target="response" srcformatvalue="" src="review/comment" sms-name="" order="" name="comment" formatvalue="" format="None" encode="false" value="" datatype="string"><accessType></accessType></param></dataset><param targetdatatype="" target="response" srcformatvalue="" src="@total" sms-name="" order="" name="total" formatvalue="" format="None" encode="false" value="" datatype="string"><accessType></accessType></param><param targetdatatype="" target="" srcformatvalue="" src="" sms-name="" order="" name="opstatus" formatvalue="" format="None" encode="false" value="" datatype="number"><accessType></accessType></param><param targetdatatype="" target="" srcformatvalue="" src="" sms-name="" order="" name="errmsg" formatvalue="" format="None" encode="false" value="" datatype="string"><accessType></accessType></param><param targetdatatype="" target="" srcformatvalue="" src="" sms-name="" order="" name="httpStatusCode" formatvalue="" format="None" encode="false" value="" datatype="number"><accessType></accessType></param></service-output></service></services></application>