<?xml version="1.0" encoding="UTF-8" standalone="yes"?>
<plugins>
    <pluginInfo plugin-name="Kony Studio" plugin-id="com.pat.tool.keditor.KEditorPlugin" version-no="5.6.4.GA_v201412171523"/>
    <pluginInfo plugin-name="Third Party Jars Plug-in" version-no="5.6.4.GA_v201412171355"/>
    <pluginInfo plugin-name="Soap UI Plugin" plugin-id="com.pat.soapui.SoapUIPlugin" version-no="5.6.4.GA_v201412171355"/>
    <pluginInfo plugin-name="Kony Codegenerator" version-no="5.6.4.GA_v201412171327"/>
    <pluginInfo plugin-name="KonyHelp Plug-in" plugin-id="com.kony.help.Activator" version-no="5.6.4.GA_v201412171714"/>
    <pluginInfo plugin-name="Nativecodegen" plugin-id="com.kony.nativecodegen.NativeCodeGenPlugin" version-no="5.6.4.GA_v201412171343"/>
    <pluginInfo plugin-name="Kony Studio Licensing" version-no="5.6.4.GA_v201412171355"/>
    <pluginInfo plugin-name="CloudMiddlewarePlugin" plugin-id="com.kony.cloudmiddleware.Activator" version-no="5.6.4.GA_v201412231749"/>
    <pluginInfo plugin-name="CloudThirdPartyPlugin" plugin-id="com.kony.cloudthirdparty.Activator" version-no="5.6.4.GA_v201412231749"/>
    <pluginInfo plugin-name="Visualizer Integration Plugin" plugin-id="com.viz.ide.VisualiserIDEPlugin" version-no="5.6.4.GA_v201412172346"/>
    <pluginInfo plugin-name="Kony Studio Cloud Integration" plugin-id="com.kony.studio.cloud.StudioCloudPlugin" version-no="5.6.4.GA_v201412172057"/>
    <pluginInfo plugin-name="Sky Data Explorer" plugin-id="com.kony.studio.sky.SkyPlugin" version-no="5.6.4.GA_v201412171758"/>
    <pluginInfo plugin-name="Functional Preview Plugin" version-no="5.6.4.GA_v201412171509"/>
    <pluginInfo plugin-name="Tablet Android" plugin-id="com.pat.android.Activator" version-no="5.6.4.GA_v201412171643"/>
    <pluginInfo plugin-name="Blackberry &amp; J2ME" plugin-id="com.pat.j2me.J2MEPlugin" version-no="5.6.4.GA_v201412171720"/>
    <pluginInfo plugin-name="Blackberry 10" plugin-id="com.kony.bb10.BB10Plugin" version-no="5.6.4.GA_v201412171822"/>
    <pluginInfo plugin-name="Winmobile Plug-in" plugin-id="com.pat.winmobile.WinMobilePlugin" version-no="5.6.4.GA_v201412171924"/>
    <pluginInfo plugin-name="Windows Phone 8 Plug-in" plugin-id="com.kony.windows.WindowsPhone8Plugin" version-no="5.6.4.GA_v201412171928"/>
    <pluginInfo plugin-name="Windows 8.1 Plug-in" plugin-id="com.kony.windows.Windows8Plugin" version-no="5.6.4.GA_v201412171920"/>
    <pluginInfo plugin-name="Android" plugin-id="com.pat.android.Activator" version-no="5.6.4.GA_v201412171601"/>
    <pluginInfo plugin-name="ThinClient" plugin-id="thinclientplugin.Activator" version-no="5.6.4.GA_v201412171830"/>
    <pluginInfo plugin-name="Windows Desktop Plug-in" plugin-id="com.kony.windows.WinDesktopPlugin" version-no="5.6.4.GA_v201412171734"/>
    <pluginInfo plugin-name="SPA" version-no="5.6.4.GA_v201412172234"/>
    <pluginInfo plugin-name="Desktop Web" version-no="5.6.4.GA_v201412171639"/>
    <pluginInfo plugin-name="Kony Sync" plugin-id="com.kony.sync.ide.SyncPlugin" version-no="5.6.4.GA_v201412171813"/>
    <pluginInfo plugin-name="Kony Web Commons" plugin-id="com.kony.web.Activator" version-no="5.6.4.GA_v201412172000"/>
    <pluginInfo plugin-name="iOS Plugin" plugin-id="iosplugin.Activator" version-no="5.6.4.GA_v201412170553"/>
</plugins>
